Name,Age,Salary,Department,Gender
Henry_1,34,75300,Sales,Male
Grace_2,29,74495,Engineering,Female
Diana_3,28,44957,Marketing,Female
Bob_4,28,53727,Sales,Male
Bob_5,22,51904,Sales,Male
Jack_6,27,93248,Engineering,Male
Alice_7,33,71365,Engineering,Female
vy_8,29,55536,Marketing,Female
Frank_9,21,59332,Marketing,Male
Bob_10,23,53978,Sales,Male
vy_11,26,52801,Marketing,Female
Frank_12,23,52120,Marketing,Male
Bob_13,24,46515,Sales,Male
Frank_14,25,59555,Marketing,Male
Diana_15,24,47521,Marketing,Female
Bob_16,21,54166,Sales,Male
Alice_17,28,65973,Engineering,Female
Grace_18,29,71882,Engineering,Female
Bob_19,30,45001,Sales,Male
Grace_20,31,77906,Engineering,Female
vy_21,25,56189,Marketing,Female
Grace_22,33,78901,Engineering,Female
Diana_23,33,44572,Marketing,Female
Jack_24,31,96087,Engineering,Male
Grace_25,24,78355,Engineering,Female
Alice_26,31,66561,Engineering,Female
Eve_27,35,99214,Sales,Female
Frank_28,25,57507,Marketing,Male
Grace_29,30,73605,Engineering,Female
Jack_30,34,98073,Engineering,Male
Diana_31,26,41827,Marketing,Female
Henry_32,34,73051,Sales,Male
vy_33,28,49757,Marketing,Female
Henry_34,33,67020,Sales,Male
Grace_35,30,71157,Engineering,Female
Charlie_36,36,78767,Engineering,Male
Henry_37,36,69721,Sales,Male
Frank_38,25,57529,Marketing,Male
Henry_39,33,73917,Sales,Male
Bob_40,28,53131,Sales,Male
Henry_41,37,75289,Sales,Male
Diana_42,30,42404,Marketing,Female
Henry_43,38,69602,Sales,Male
vy_44,31,52959,Marketing,Female
Diana_45,25,43812,Marketing,Female
Alice_46,34,65506,Engineering,Female
Charlie_47,33,78470,Engineering,Male
Charlie_48,31,83184,Engineering,Male
Diana_49,32,46079,Marketing,Female
Diana_50,27,49326,Marketing,Female
